日期,count
2023/8/26,6  #暑假开学前
2025/2/22,6  #寒假开学前
2024/1/2,6  #期末
2024/12/25,5 #期末
2024/2/25,5 #寒假开学前
2025/5/12,5  #期末
2025/4/22,5  #期末
2024/6/5,5  #期末
2025/9/6,5  #暑假开学前
2025/9/10,5 #暑假开学前
2023/6/20,5 #期末
2024/8/30,5 #暑假开学前
2023/11/8,4
2023/8/27,4
2023/5/26,4
2024/9/2,4
2024/8/25,4
2024/12/24,4
2025/4/24,4
2025/5/9,4
2025/6/24,4
2023/5/30,4
2024/4/26,4
2023/9/14,4
2023/12/21,4
2025/3/11,3
2023/8/30,3
2025/9/5,3
2025/6/3,3
2025/5/15,3
2025/6/17,3
2024/10/21,3
2024/10/15,3
2023/12/26,3
2024/3/13,3
2024/9/23,3
2024/12/12,3
2024/6/26,3
2024/7/6,3
2025/6/30,3
2024/6/4,3
2025/9/7,3
2024/9/11,3
2024/5/15,3
2024/6/21,3
2024/9/20,3
2024/3/27,3
2023/10/16,3
2023/12/5,3
2023/8/29,2
2023/10/19,2
2025/4/7,2
2025/5/6,2
2025/4/1,2
2025/3/24,2
2025/5/28,2
2025/5/30,2
2023/9/18,2
2023/9/15,2
2023/6/30,2
2025/4/11,2
2025/4/23,2
2025/4/16,2
2025/1/4,2
2024/11/22,2
2024/12/2,2
2023/11/27,2
2023/12/6,2
2023/12/4,2
2024/1/20,2
2023/12/18,2
2025/2/24,2
2025/2/23,2
2024/2/27,2
2023/11/7,2
2025/3/6,2
2025/3/10,2
2024/12/30,2
2024/12/29,2
2023/8/21,2
2023/10/8,2
2023/9/6,2
2023/11/13,2
2023/9/20,2
2025/5/14,2
2025/5/22,2
2025/5/27,2
2025/1/7,2
2025/4/30,2
2024/3/5,2
2024/3/11,2
2024/12/17,2
2024/9/4,2
2024/12/18,2
2024/12/31,2
2024/4/3,2
2024/4/7,2
2024/4/10,2
2024/5/22,2
2024/5/24,2
2024/5/29,2
2024/5/30,2
2024/9/14,2
2024/7/1,2
2024/11/15,2
2024/11/11,2
2024/9/27,2
2024/9/29,2
2023/12/25,2
2024/9/6,2
2024/9/13,2
2024/4/24,2
2024/4/28,2
2024/4/30,2
2024/6/17,2
2024/6/20,2
2024/9/5,2
2024/5/10,2
2024/6/25,2
2025/6/23,2
2024/4/19,2
2024/4/17,2
2023/6/21,2
2025/6/19,2
2025/6/18,2
2023/6/9,2
2023/6/19,2
2023/6/15,1
2023/6/14,1
2023/6/13,1
2023/6/12,1
2023/6/7,1
2023/6/5,1
2023/6/1,1
2023/5/31,1
2025/7/2,1
2025/7/4,1
2025/7/5,1
2025/7/8,1
2025/5/21,1
2025/6/20,1
2025/6/21,1
2025/6/27,1
2023/9/1,1
2023/9/5,1
2023/6/26,1
2024/4/12,1
2024/4/22,1
2024/4/23,1
2024/4/29,1
2024/6/7,1
2024/6/11,1
2024/6/12,1
2024/6/14,1
2024/6/19,1
2024/5/8,1
2024/5/9,1
2024/5/11,1
2024/5/17,1
2024/9/9,1
2024/3/21,1
2024/3/22,1
2024/4/1,1
2024/4/2,1
2024/4/8,1
2024/4/11,1
2024/1/18,1
2024/5/27,1
2024/6/29,1
2024/7/10,1
2024/8/1,1
2024/8/2,1
2024/8/26,1
2024/11/19,1
2024/9/19,1
2024/2/29,1
2024/3/4,1
2024/3/6,1
2024/3/12,1
2023/12/28,1
2023/12/29,1
2024/5/6,1
2024/5/7,1
2024/3/14,1
2024/3/18,1
2024/9/24,1
2024/9/25,1
2024/9/30,1
2024/10/11,1
2024/10/12,1
2024/10/14,1
2024/10/16,1
2024/10/18,1
2024/10/23,1
2024/10/28,1
2024/10/29,1
2024/11/1,1
2024/11/5,1
2024/11/7,1
2024/11/8,1
2024/11/12,1
2024/11/13,1
2024/11/14,1
2025/1/2,1
2024/11/21,1
2024/11/25,1
2024/11/26,1
2024/11/28,1
2024/11/29,1
2024/12/3,1
2024/12/4,1
2024/12/5,1
2024/12/9,1
2024/12/13,1
2025/1/8,1
2025/1/10,1
2025/1/13,1
2025/1/15,1
2025/1/18,1
2024/1/12,1
2023/11/22,1
2023/11/23,1
2023/11/28,1
2023/11/29,1
2023/12/15,1
2024/2/6,1
2024/2/26,1
2025/3/3,1
2025/3/4,1
2024/12/23,1
2024/12/27,1
2025/4/27,1
2025/3/7,1
2023/10/23,1
2023/10/24,1
2023/10/30,1
2023/11/6,1
2023/11/14,1
2023/11/17,1
2023/9/8,1
2024/1/3,1
2024/1/8,1
2024/1/9,1
2024/1/10,1
2024/1/11,1
2023/9/25,1
2023/10/9,1
2023/8/23,1
2023/12/19,1
2023/10/17,1
2023/10/20,1
2025/3/19,1
2025/3/20,1
2025/3/31,1
2025/4/2,1
2025/4/8,1
2025/4/9,1
2025/5/26,1
2025/5/29,1
2025/6/6,1
2025/6/10,1
2025/6/16,1
2023/9/11,1
2023/9/19,1
2025/5/16,1
2025/5/20,1
2025/4/10,1
2025/4/14,1
2025/4/15,1
2025/4/17,1
2025/8/29,1
2025/9/2,1
2025/9/4,1
2023/6/27,1
2023/6/28,1
2023/6/29,1
2025/8/20,1
2023/7/3,1
2023/7/5,1
2023/7/8,1
2023/8/2,1
2023/8/4,1
2023/8/14,1
2023/5/24,1
